ref	abbrev
cd01647	RT_LTR
cd09274	RNase_HI_RT_Ty3
pfam17917	RT_RNaseH
pfam17919	RT_RNaseH_2
pfam00078	RVT_1
pfam17921	Integrase_H2C2
cd03715	RT_ZFREV_like
cd01645	RT_Rtv
pfam00665	rve
cd00303	retropepsin_like
cd03714	RT_DIRS1
cd09275	RNase_HI_RT_DIRS1
cd00304	RT_like
pfam13975	gag-asp_proteas
pfam03732	Retrotrans_gag
pfam13650	Asp_protease_2
NF033577	transpos_IS481
cd06222	RNase_H_like
cd05484	retropepsin_like_LTR_2
cd05483	retropepsin_like_bacteria
pfam08284	RVP_2
pfam09337	zf-H2C2
cd01644	RT_pepA17
cd00024	CD_CSD
pfam00385	Chromo
smart00298	CHROMO
cd05481	retropepsin_like_LTR_1
pfam19259	Ty3_capsid
cd18975	CD_MarY1_POL_like
cd18978	CD_DDE_transposase_like
cd18973	CD_Tf2-1_POL_like
pfam00098	zf-CCHC
cd18979	CD_POL_like
smart00343	ZnF_C2HC
cd18631	CD_HP1_like
cd18634	CD_CDY
cd18650	CD_HP1beta_Cbx1
cd18644	CD_polycomb
cd18635	CD_CMT3_like
cd06095	RP_RTVL_H_like
cd18653	CD_HP1a_insect
cd18630	CD_Rhino
cd18980	CD_NC-like
pfam13456	RVT_3
cd05479	RP_DDI
cd09279	RNase_HI_like
cd18627	CD_polycomb_like
cd18651	CD_HP1alpha_Cbx5
cd18647	CD_Cbx2
cd18659	CD2_tandem
cd18633	CD_MMP8
cd18638	CD_EhHp1_like
cd06094	RP_Saci_like
cd18652	CD_HP1gamma_Cbx3
pfam16297	DUF4939
cd18968	chromodomain
COG0328	RnhA
cd18645	CD_Cbx4
cd18632	CD_Clr4_like
cd18639	CD_SUV39H1_like
cd18646	CD_Cbx7
cd18637	CD_Swi6_like
cd18649	CD_Cbx8
cd18966	chromodomain
cd18648	CD_Cbx6
cd18962	CD_MT_like
pfam13683	rve_3
cd18970	CD_POL_like
PTZ00368	PTZ00368
pfam00077	RVP
PRK07708	PRK07708
cd18640	CD_Chro-like
PRK13907	rnhA
cd18629	CD2_cpSRP43_like
cd18636	CD_Chp1_like
COG2801	Tra5
cd09276	Rnase_HI_RT_non_LTR
pfam07253	Gypsy
cd18974	CD_POL_like
COG5082	AIR1
cd09280	RNase_HI_eukaryote_like
pfam02023	SCAN
cd09272	RNase_HI_RT_Ty1
pfam07727	RVT_2
pfam13976	gag_pre-integrs
pfam14223	Retrotran_gag_2
pfam14244	Retrotran_gag_3
pfam13961	DUF4219
PHA02517	PHA02517
pfam05699	Dimer_Tnp_hAT
smart00614	ZnF_BED
pfam14291	DUF4371
pfam14372	DUF4413
pfam04937	DUF659
pfam02892	zf-BED
smart00597	ZnF_TTF
pfam18658	zf-C2H2_12
NF033545	transpos_IS630
pfam13358	DDE_3
pfam01498	HTH_Tnp_Tc3_2
pfam03184	DDE_1
pfam13565	HTH_32
pfam17906	HTH_48
pfam01359	Transposase_1
pfam03221	HTH_Tnp_Tc5
smart00674	CENPB
COG3415	COG3415
pfam13384	HTH_23
pfam04218	CENP-B_N
pfam13518	HTH_28
COG3335	COG3335
pfam16087	DUF4817
pfam13936	HTH_38
pfam05225	HTH_psq
pfam13412	HTH_24
smart00351	PAX
pfam13551	HTH_29
cd00569	HTH_Hin_like
pfam11427	HTH_Tnp_Tc3_1
pfam09607	BrkDBD
cd01650	RT_nLTR_like
cd09076	L1-EN
pfam03372	Exo_endo_phos
cd08372	EEP
cd01651	RT_G2_intron
cd09073	ExoIII_AP-endo
cd09087	Ape1-like_AP-endo
cd09086	ExoIII-like_AP-endo
pfam02994	Transposase_22
TIGR00633	DNA-apurinic_or_apyrimidinic_site_lyase
pfam17490	Tnp_22_dsRBD
cd09085	Mth212-like_AP-endo
cd10281	Nape_like_AP-endo
cd09088	Ape2-like_AP-endo
cd09077	R1-I-EN
pfam14529	Exo_endo_phos_2
COG0708	XthA
pfam13966	zf-RVT
cd09084	EEP-2
cd09080	TDP2
PRK11756	PRK11756
cd03487	RT_Bac_retron_II
pfam14111	DUF4283
TIGR00195	Exodeoxyribonuclease_III
pfam17489	Tnp_22_trimer
PRK13911	PRK13911
COG3568	ElsH
pfam08333	DUF1725
cd09083	EEP-1
pfam14392	zf-CCHC_4
pfam00075	RNase_H
COG3021	COG3021
cd09278	RNase_HI_prokaryote_like
COG3344	COG3344
cd09079	RgfB-like
pfam18701	DUF5641
pfam05380	Peptidase_A17
pfam03564	DUF1759
pfam05585	DUF1758
cd15489	PHD_SF
cd15522	PHD_TAF3
cd15517	PHD_TCF19_like
smart00249	PHD
cd15560	PHD2_3_BPTF
cd15552	PHD_PHF3_like
cd15610	PHD3_KDM5A_like
cd15553	PHD_Cfp1
cd16039	PHD_SPP1
cd15556	PHD_MMD1_like
cd15554	PHD_PHF2_like
cd15529	PHD2_PHF10
cd15550	PHD_MLL5
cd15518	PHD_Ecm5p_Lid2p_like
cd15640	PHD_KDM7
cd15505	PHD_ING
cd15638	PHD_PHF3
cd15613	PHD_AL_plant
cd15520	PHD3_Lid2p_like
cd15587	PHD_Yng1p_like
cd15551	PHD_PYGO
cd15525	PHD_UHRF1_2
cd15563	PHD3_PHF14
cd15510	PHD2_KMT2C_like
cd15585	PHD_ING3
cd15687	PHD3_KDM5B
cd15570	PHD_Bye1p_SIZ1_like
cd15627	PHD_BAZ1A
cd15594	PHD2_KMT2C
cd15639	PHD_DIDO1_like
cd15609	PHD_TCF19
cd15495	PHD_ATX3_4_5_like
cd15508	PHD3_KMT2A_like
pfam00628	PHD
cd15543	PHD_RSF1
cd15632	PHD_PHF13
cd15506	PHD1_KMT2A_like
cd15544	PHD_BAZ1A_like
cd15545	PHD_BAZ2A_like
cd15681	PHD_JADE3
cd15519	PHD1_Lid2p_like
cd15535	PHD1_Rco1
cd15595	PHD2_KMT2D
cd15586	PHD_ING4_5
cd15641	PHD_PHF2
cd15679	PHD_JADE1
cd15539	PHD1_AIRE
cd15546	PHD_PHF13_like
cd15502	PHD_Phf1p_Phf2p_like
cd15514	PHD6_KMT2C_like
cd15615	PHD_ARID4_like
cd15573	PHD_JADE
cd15527	PHD2_KAT6A_6B
cd15642	PHD_PHF8
cd15515	PHD1_KDM5A_like
cd15592	PHD3_KMT2A
cd15536	PHD_PHRF1
cd15538	PHD_PRKCBP1
cd15631	PHD_PHF23
cd15562	PHD2_PHF14
cd15532	PHD2_CHD_II
cd15542	PHD_UBR7
cd15684	PHD_ING4
cd15584	PHD_ING1_2
cd15634	PHD_PHF20
cd15492	PHD_BRPF_JADE_like
cd15605	PHD1_Lid_like
cd09273	RNase_HI_RT_Bel
pfam18697	MLVIN_C
cd09950	ENVV1-like_HR1-HR2
cd09948	Ebola_RSV-like_HR1-HR2
cd09951	HERV-Rb-like_HR1-HR2
cd09851	HTLV-1-like_HR1-HR2
pfam02093	Gag_p30
cd09850	Ebola-like_HR1-HR2
cd09947	Ebola_HIV-1-like_HR1-HR2
cd13934	RNase_H_Dikarya_like
PRK00203	rnhA
pfam00429	TLV_coat
pfam01140	Gag_MA
cd05482	HIV_retropepsin_like
cd09949	RSV-like_HR1-HR2
PRK08719	PRK08719
pfam16721	zf-H3C2
pfam10551	MULE
smart00575	ZnF_PMZ
pfam04434	SWIM
pfam03108	DBD_Tnp_Mut
pfam03101	FAR1
PLN03097	FHY3
pfam09331	DUF1985
pfam02902	Peptidase_C48
pfam10536	PMD
pfam00872	Transposase_mut
COG3328	COG3328
pfam04500	FLYWCH
cd22744	OTU
cd18037	DEXSc_Pif1_like
pfam05970	PIF1
cd18809	SF1_C_RecD
pfam14214	Helitron_like_N
cd17933	DEXSc_RecD-like
pfam13604	AAA_30
cd18786	SF1_C
COG0507	RecD
pfam13245	AAA_19
cd04480	RPA1_DBD_A_like
cd04476	RPA1_DBD_C
cd17934	DEXXQc_Upf1-like
pfam02721	DUF223
cd04481	RPA1_DBD_B_like
pfam13401	AAA_22
pfam13538	UvrD_C_2
pfam04843	Herpes_teg_N
pfam13359	DDE_Tnp_4
pfam04827	Plant_tran
pfam14303	NAM-associated
pfam01609	DDE_Tnp_1
NF033581	transpos_IS5_4
pfam12776	Myb_DNA-bind_3
pfam13837	Myb_DNA-bind_4
cd12203	GT1
pfam13873	Myb_DNA-bind_5
pfam10545	MADF_DNA_bdg
smart00595	MADF
pfam00607	Gag_p24
pfam06817	RVT_thumb
pfam19317	Gag_p24_C
pfam02022	Integrase_Zn
pfam00552	IN_DBD_C
pfam02337	Gag_p10
cd07557	trimeric_dUTPase
pfam00692	dUTPase
pfam14787	zf-CCHC_5
PRK00601	dut
TIGR00576	Deoxyuridine_5'-triphosphate_nucleotidohydrolase
COG0756	Dut
PHA02703	PHA02703
PHA03094	PHA03094
PLN02547	PLN02547
smart00443	G_patch
pfam01585	G-patch
cd01646	RT_Bac_retron_I
pfam00517	GP41
cd09909	HIV-1-like_HR1-HR2
PTZ00143	PTZ00143
pfam04160	Borrelia_orfX
pfam15695	HERV-K_REC
pfam02992	Transposase_21
pfam13960	DUF4218
pfam13963	Transpos_assoc
pfam13952	DUF4216
pfam03004	Transposase_24
pfam03017	Transposase_23
pfam18759	Plavaka
TIGR04416	hypothetical_protein
cd00229	SGNH_hydrolase
pfam13472	Lipase_GDSL_2
cd01828	sialate_O-acetylesterase_like2
cd04502	SGNH_hydrolase_like_7
cd04501	SGNH_hydrolase_like_4
cd01832	SGNH_hydrolase_like_1
cd15636	PHD_PYGO2
COG2755	TesA
cd15635	PHD_PYGO1
cd01841	NnaC_like
cd01648	TERT
cd01833	XynB_like
cd01836	FeeA_FeeB_like
cd01825	SGNH_hydrolase_peri1
cd15637	PHD_dPYGO
pfam00657	Lipase_GDSL
cd01834	SGNH_hydrolase_like_2
cd01820	PAF_acetylesterase_like
cd01835	SGNH_hydrolase_like_3
pfam20049	DUF6451
cd10283	MnuA_DNase1-like
PRK06548	PRK06548
cd00799	INT_Cre_C
pfam11560	LAP2alpha
cd00397	DNA_BRE_C
pfam00589	Phage_integrase
pfam05869	Dam
pfam13495	Phage_int_SAM_4
pfam02899	Phage_int_SAM_1
cd01194	INT_C_like_4
cd01188	INT_RitA_C_like
cd00796	INT_Rci_Hp1_C
cd01192	INT_C_like_3
COG4974	XerD
TIGR01712	DNA_N-6-adenine-methyltransferase_M.T1
cd01184	INT_C_like_1
PRK07764	PRK07764
cd10442	GIY-YIG_PLEs
cd10443	GIY-YIG_HE_Tlr8p_PBC-V_like
cd00719	GIY-YIG_SF
cd10437	GIY-YIG_HE_I-TevI_like
pfam01541	GIY-YIG
pfam13843	DDE_Tnp_1_7
cd22343	PDDEXK_lambda_exonuclease-like
pfam13842	Tnp_zf-ribbon_2
cd00180	PKc
cd05122	PKc_STE
cd06644	STKc_STK10
cd06917	STKc_NAK1_like
cd07832	STKc_CCRK
cd07847	STKc_CDKL1_4
cd08530	STKc_CNK2-like
cd13982	STKc_IRE1
cd14014	STKc_PknB_like
cd14133	PKc_DYRK_like
cd14229	STKc_HIPK3
cd01822	Lysophospholipase_L1_like
cd17920	DEXHc_RecQ
smart00490	HELICc
pfam00271	Helicase_C
cd18018	DEXHc_RecQ4-like
cd18794	SF2_C_RecQ
cd18017	DEXHc_RecQ3
pfam00270	DEAD
cd18016	DEXHc_RecQ2_BLM
cd18015	DEXHc_RecQ1
smart00487	DEXDc
cd18014	DEXHc_RecQ5
COG0514	RecQ
cd00046	SF2-N
cd17921	DEXHc_Ski2
cd18785	SF2_C
PRK11057	PRK11057
TIGR00614	Werner_syndrome_ATP-dependent_helicase
cd18787	SF2_C_DEAD
cd17923	DEXHc_Hrq1-like
cd18797	SF2_C_Hrq
cd18796	SF2_C_LHR
cd18793	SF2_C_SNF
cd18023	DEXHc_HFM1
cd17927	DEXHc_RIG-I
pfam04851	ResIII
cd18028	DEXHc_archSki2
COG0513	SrmB
cd18795	SF2_C_Ski2
cd18802	SF2_C_dicer
cd17922	DEXHc_LHR-like
cd17926	DEXHc_RE
cd09639	Cas3_I
COG1204	COG1204
cd00268	DEADc
cd18811	SF2_C_RecG
pfam07776	zf-AD
cd09277	RNase_HI_bacteria_like
cd09081	CdtB
smart00692	DM3
pfam05485	THAP
smart00479	EXOIII
cd06127	DEDDh
pfam00929	RNase_T
smart00980	THAP
PRK06309	PRK06309
cd06136	TREX1_2
pfam16124	RecQ_Zn_bind
cd06130	DNA_pol_III_epsilon_like
COG0847	DnaQ
cd06131	DNA_pol_III_epsilon_Ecoli_like
pfam09588	YqaJ
cd15457	NADAR
COG3236	COG3236
pfam08719	DUF1768
TIGR02464	Swarming_motility_protein_YbiA
pfam07530	PRE_C2HC
smart00596	PRE_C2HC
cd21343	ZBD_UPF1_nv_SF1_Hel-like
pfam12017	Tnp_P_element
pfam12596	Tnp_P_element_C
pfam08205	C2-set_2
pfam01107	MP
pfam02160	Peptidase_A3
pfam01693	Cauli_VI
cd22748	OTU_OTUD6-like
cd22752	OTU_OTUD5-like
cd22753	OTU_ALG13-like
cd22756	OTU_OTUD3-like
cd22758	OTU_232R-like
cd22761	OTU_OTUD6
cd22762	OTU_fungi_OTU2-like
cd22770	OTU_OTUD3
cd22771	OTU_plant_OTU7-like
cd22794	OTU_OTUD4
cd22796	OTU_plant_OTU6-like
cd22797	OTU_plant_OTU5-like
cd22751	OTU_plant_OTU9-like
cd22760	OTU_plant_OTU4-like
cd22746	OTU_plant_OTU3_4-like
cd22757	OTU_P87_VP80-like
cd22795	OTU_ALG13
cd22747	OTU_OTUD1
cd22755	OTU_CeDUB-like
cd22759	OTU_plant_OTU3-like
pfam12940	RAG1
cd00167	SANT
sd00017	ZF_C2H2
pfam13894	zf-C2H2_4
pfam00249	Myb_DNA-binding
pfam13613	HTH_Tnp_4
TIGR03033	hypothetical_protein
pfam02037	SAP
cd15682	PHD_ING1
cd15683	PHD_ING2
cd15685	PHD_ING5
cd01840	SGNH_hydrolase_yrhL_like
pfam03175	DNA_pol_B_2
PHA02563	PHA02563
pfam08398	Parvo_coat_N
pfam04665	Pox_A32
NF033516	transpos_IS3
pfam02229	PC4
cd18965	chromodomain
pfam19263	DUF5906
smart00382	AAA
cd00652	TBP_TLF
cd04516	TBP_eukaryotes
cd04517	TLF
cd04518	TBP_archaea
cd18976	CD_POL_like
COG2101	SPT15
pfam00352	TBP
pfam02945	Endonuclease_7
PLN00062	PLN00062
PRK00394	PRK00394
pfam05272	VirE
pfam18930	DUF5679
cd00009	AAA
cd00022	BIR
cd00094	HX
cd18969	chromodomain
cd18972	CD_POL_like
COG3727	Vsr
pfam00653	BIR
pfam04383	KilA-N
pfam07728	AAA_5
pfam12943	DUF3839
TIGR01613	putative_primase
cd18960	CD_HP1_like
COG3378	COG3378
NF033563	transpos_IS30
pfam00413	Peptidase_M10
pfam13389	DUF4107
pfam13390	DUF4108
pfam13884	Peptidase_S74
pfam03258	Baculo_FP
pfam09004	DUF1891
COG5160	ULP1
cd00590	RRM_SF
cd12224	RRM_RBM22
cd12229	RRM_G3BP
cd12233	RRM_Srp1p_AtRSp31_like
cd12236	RRM_snRNP70
cd12237	RRM_snRNP35
cd12242	RRM_SLIRP
cd12297	RRM2_Prp24
cd12312	RRM_SRSF10_SRSF12
cd12316	RRM3_RBM19_RRM2_MRD1
cd12320	RRM6_RBM19_RRM5_MRD1
cd12324	RRM_RBM8
cd12337	RRM1_SRSF4_like
cd12338	RRM1_SRSF1_like
cd12341	RRM_hnRNPC_like
cd12343	RRM1_2_CoAA_like
cd12347	RRM_PPIE
cd12363	RRM_TRA2
cd12373	RRM_SRSF3_like
cd12382	RRM_RBMX_like
cd12390	RRM3_RAVER
cd12391	RRM1_SART3
cd12392	RRM2_SART3
cd12398	RRM_CSTF2_RNA15_like
cd12399	RRM_HP0827_like
cd12400	RRM_Nop6
cd12402	RRM_eIF4B
cd12404	RRM2_NCL
cd12412	RRM_DAZL_BOULE
cd12413	RRM1_RBM28_like
cd12414	RRM2_RBM28_like
cd12448	RRM2_gar2
cd12449	RRM_CIRBP_RBM3
cd12450	RRM1_NUCLs
cd12494	RRM3_hnRNPR
cd12597	RRM1_SRSF1
cd12599	RRM1_SF2_plant_like
cd12608	RRM1_CoAA
cd12641	RRM_TRA2B
cd12642	RRM_TRA2A
cd12671	RRM_CSTF2_CSTF2T
cd12672	RRM_DAZL
cd12674	RRM1_Nop4p
cd12676	RRM3_Nop4p
cd21607	RRM3_HRB1_GBP2
cd21608	RRM2_NsCP33_like
cd21615	RRM_SNP1_like
COG1877	OtsB
pfam00076	RRM_1
smart00360	RRM
pfam12762	DDE_Tnp_IS1595
NF033547	transpos_IS1595
pfam12012	DUF3504
pfam16012	DUF4780
cd06141	WRN_exo
cd06146	mut-7_like_exo
cd06129	RNaseD_like
pfam01612	DNA_pol_A_exo1
cd09018	DEDDy_polA_RNaseD_like_exo
smart00474	35EXOc
cd06142	RNaseD_exo
pfam02257	RFX_DNA_binding
cd15680	PHD_JADE2
cd15572	PHD_BRPF
cd15603	PHD1_KDM5B
cd15628	PHD_BAZ1B
cd15677	PHD_BRPF2
pfam18758	KDZ
pfam18717	CxC4
pfam18802	CxC1
pfam18803	CxC2
cd18038	DEXXQc_Helz-like
pfam18866	CxC7
cd21880	OTU_RNAP_L_virus
cd22791	OTU_VRTN
cd22792	OTU_RDRP-like
cd22745	OTU_OTU1
pfam12550	GCR1_C
pfam16787	NDC10_II
pfam12511	DUF3716
COG0582	XerC
cd00801	INT_P4_C
